নং	দেশ	মহাদেশ	জাতিসংঘের অনুমান	তারিখ
— 	বিশ্ব 			১ জুলাই ২০১৯
— 	 ইউরোপীয় ইউনিয়ন 		৫১,২৪,৯৭,৮৭৭ 	১ জুলাই ২০১৯
১ 	 গণচীন 	এশিয়া 	১,৪৩,৩৭,৮৩,৬৮৬ 	১ জুলাই ২০১৯
২ 	 ভারত 	এশিয়া 	১,৩৬,৬৪,১৭,৭৫৪ 	১ জুলাই ২০১৯
৩ 	 যুক্তরাষ্ট্র 	আমেরিকা 	৩২,৯০,৬৪,৯১৭ 	১ জুলাই ২০১৯
৪ 	 ইন্দোনেশিয়া 	এশিয়া 	২৭,০৬,২৫,৫৬৮ 	১ জুলাই ২০১৯
৫ 	 পাকিস্তান 	এশিয়া 	২১,৬৫,৬৫,৩১৮ 	১ জুলাই ২০১৯
৬ 	 ব্রাজিল 	আমেরিকা 	২১,১০,৪৯,৫২৭ 	১ জুলাই ২০১৯
৭ 	 নাইজেরিয়া 	আফ্রিকা 	২০,০৯,৬৩,৫৯৯ 	১ জুলাই ২০১৯
৮ 	 বাংলাদেশ 	এশিয়া 	১৮৬,৮৯৩,৮৩০ 	১ জুলাই ২০১৯
৯ 	 রাশিয়া 	ইউরোপ-এশিয়া 	১৪,৫৮,৭২,২৫৬ 	১ জুলাই ২০১৯
১০ 	 মেক্সিকো 	আমেরিকা 	১২,৭৫,৭৫,৫২৯ 	১ জুলাই ২০১৯
১১ 	 জাপান 	এশিয়া 	১২,৬৮,৬০,৩০১ 	১ জুলাই ২০১৯
১২ 	 ইথিওপিয়া 	আফ্রিকা 	১১,২০,৭৮,৭৩০ 	১ জুলাই ২০১৯
১৩ 	 ফিলিপাইন 	এশিয়া 	১০,৮১,১৬,৬১৫ 	১ জুলাই ২০১৯
১৪ 	 মিশর 	আফ্রিকা 	১০,০৩,৮৮,০৭৩ 	১ জুলাই ২০১৯
১৫ 	 ভিয়েতনাম 	এশিয়া 	৯,৬৪,৬২,১০৬ 	১ জুলাই ২০১৯
১৬ 	 গণতান্ত্রিক কঙ্গো প্রজাতন্ত্র 	আফ্রিকা 	৮,৬৭,৯০,৫৬৭ 	১ জুলাই ২০১৯
১৭ 	 জার্মানি 	ইউরোপ 	৮,৩৫,১৭,০৪৫ 	১ জুলাই ২০১৯
১৮ 	 তুরস্ক 	ইউরোপ 	৮,৩৪,২৯,৬১৫ 	১ জুলাই ২০১৯
১৯ 	 ইরান 	এশিয়া 	৮,২৯,১৩,৯০৬ 	১ জুলাই ২০১৯
২০ 	 থাইল্যান্ড 	এশিয়া 	৬,৯০,৩৭,৫১৩ 	১ জুলাই ২০১৯
২১ 	 যুক্তরাজ্য 	ইউরোপ 	৬,৭৫,৩০,১৭২ 	১ জুলাই ২০১৯
২২ 	 ফ্রান্স[১] 	ইউরোপ 	৬,৫১,২৯,৭২৮ 	১ জুলাই ২০১৯
২৩ 	 ইতালি 	ইউরোপ 	৬,০৫,৫০,০৭৫ 	১ জুলাই ২০১৯
২৪ 	 দক্ষিণ আফ্রিকা 	আফ্রিকা 	৫,৮৫,৫৮,২৭০ 	১ জুলাই ২০১৯
২৫ 	 তানজানিয়া 	আফ্রিকা 	৫,৮০,০৫,৪৬৩ 	১ জুলাই ২০১৯
২৬ 	 মিয়ানমার 	এশিয়া 	৫,৪০,৪৫,৪২০ 	১ জুলাই ২০১৯
২৭ 	 কেনিয়া 	আফ্রিকা 	৫,২৫,৭৩,৯৭৩ 	১ জুলাই ২০১৯
২৮ 	 দক্ষিণ কোরিয়া 	এশিয়া 	৫,১২,২৫,৩০৮ 	১ জুলাই ২০১৯
২৯ 	 কলম্বিয়া 	আমেরিকা 	৫,০৩,৩৯,৪৪৩ 	১ জুলাই ২০১৯
৩০ 	 স্পেন[২] 	ইউরোপ 	৪,৬৭,৩৬,৭৭৬ 	১ জুলাই ২০১৯
৩১ 	 আর্জেন্টিনা 	আমেরিকা 	৪,৪৭,৮০,৬৭৭ 	১ জুলাই ২০১৯
৩২ 	 উগান্ডা 	আফ্রিকা 	৪,৪২,৬৯,৫৯৪ 	১ জুলাই ২০১৯
৩৩ 	 ইউক্রেন[৩] 	ইউরোপ 	৪,৩৯,৯৩,৬৩৮ 	১ জুলাই ২০১৯
৩৪ 	 আলজেরিয়া 	আফ্রিকা 	৪,৩০,৫৩,০৫৪ 	১ জুলাই ২০১৯
৩৫ 	 সুদান 	আফ্রিকা 	৪,২৮,১৩,২৩৮ 	১ জুলাই ২০১৯
৩৬ 	 ইরাক 	এশিয়া 	৩,৯৩,০৯,৭৮৩ 	১ জুলাই ২০১৯
৩৭ 	 আফগানিস্তান 	এশিয়া 	৩,৮০,৪১,৭৫৪ 	১ জুলাই ২০১৯
৩৮ 	 পোল্যান্ড 	ইউরোপ 	৩,৭৮,৮৭,৭৬৮ 	১ জুলাই ২০১৯
৩৯ 	 কানাডা 	আমেরিকা 	৩,৭৪,১১,০৪৭ 	১ জুলাই ২০১৯
৪০ 	 মরক্কো 	আফ্রিকা 	৩,৬৪,৭১,৭৬৯ 	১ জুলাই ২০১৯
৪১ 	 সৌদি আরব 	এশিয়া 	৩,৪২,৬৮,৫২৮ 	১ জুলাই ২০১৯
৪২ 	 উজবেকিস্তান 	এশিয়া 	৩,২৯,৮১,৭১৬ 	১ জুলাই ২০১৯
৪৩ 	 পেরু 	আমেরিকা 	৩,২৫,১০,৪৫৩ 	১ জুলাই ২০১৯
৪৪ 	 মালয়েশিয়া 	এশিয়া 	৩,১৯,৪৯,৭৭৭ 	১ জুলাই ২০১৯
৪৫ 	 অ্যাঙ্গোলা 	আফ্রিকা 	৩,১৮,২৫,২৯৫ 	১ জুলাই ২০১৯
৪৬ 	 মোজাম্বিক 	আফ্রিকা 	৩,০৩,৬৬,০৩৬ 	১ জুলাই ২০১৯
৪৭ 	 ইয়েমেন 	এশিয়া 	২,৯১,৬১,৯২২ 	১ জুলাই ২০১৯
৪৭ 	 ঘানা 	আফ্রিকা 	২,৮৮,৩৩,৬২৯ 	১ জুলাই ২০১৯
৪৯ 	   নেপাল 	এশিয়া 	২,৮৬,০৮,৭১০ 	১ জুলাই ২০১৯
৫০ 	 ভেনেজুয়েলা 	আমেরিকা 	২,৮৫,১৫,৮২৯ 	১ জুলাই ২০১৯
৫১ 	 মাদাগাস্কার 	আফ্রিকা 	২,৬৯,৬৯,৩০৭ 	১ জুলাই ২০১৯
৫২ 	 উত্তর কোরিয়া 	এশিয়া 	২,৫৬,৬৬,১৬১ 	১ জুলাই ২০১৯
৫৩ 	 কোত দিভোয়ার 	আফ্রিকা 	২,৫৭,১৬,৫৪৪ 	১ জুলাই ২০১৯
৫৪ 	 ক্যামেরুন 	আফ্রিকা 	২,৫৮,৭৬,৩৮০ 	১ জুলাই ২০১৯
৫৫ 	 অস্ট্রেলিয়া[৪] 	ওশেনিয়া 	২,৫২,০৩,১৯৮ 	১ জুলাই ২০১৯
৫৬ 	 তাইওয়ান 	এশিয়া 	২,৩৭,৭৩,৮৭৬ 	১ জুলাই ২০১৯
৫৭ 	 নাইজার 	আফ্রিকা 	২,৩৩,১০,৭১৫ 	১ জুলাই ২০১৯
৫৮ 	 শ্রীলঙ্কা 	এশিয়া 	২,১৩,২৩,৭৩৩ 	১ জুলাই ২০১৯
৫৯ 	 বুর্কিনা ফাসো 	আফ্রিকা 	২,০৩,২১,৩৭৮ 	১ জুলাই ২০১৯
৬০ 	 মালি 	আফ্রিকা 	১,৯৬,৫৮,০৩১ 	১ জুলাই ২০১৯
৬১ 	 রোমানিয়া 	ইউরোপ 	১,৯৩,৬৪,৫৫৭ 	১ জুলাই ২০১৯
৬২ 	 মালাউই 	আফ্রিকা 	১,৮৬,২৮,৭৪৭ 	১ জুলাই ২০১৯
৬৩ 	 চিলি 	আমেরিকা 	১,৮৯,৫২,০৩৮ 	১ জুলাই ২০১৯
৬৪ 	 কাজাখস্তান 	এশিয়া 	১,৮৫,৫১,৪২৭ 	১ জুলাই ২০১৯
৬৫ 	 জাম্বিয়া 	আফ্রিকা 	১,৭৮,৬১,০৩০ 	১ জুলাই ২০১৯
৬৬ 	 গুয়াতেমালা 	আমেরিকা 	১,৭৫,৮১,৪৭২ 	১ জুলাই ২০১৯
৬৭ 	 ইকুয়েডর 	আমেরিকা 	১,৭৩,৭৩,৬৬২ 	১ জুলাই ২০১৯
৬৮ 	 নেদারল্যান্ডস 	ইউরোপ 	১,৭০,৯৭,১৩০ 	১ জুলাই ২০১৯
৬৯ 	 সিরিয়া 	এশিয়া 	১,৭০,৭০,১৩৫ 	১ জুলাই ২০১৯
৭০ 	 কম্বোডিয়া 	এশিয়া 	১,৬৪,৮৬,৫৪২ 	১ জুলাই ২০১৯
৭১ 	 সেনেগাল 	আফ্রিকা 	১,৬২,৯৬,৩৬৪ 	১ জুলাই ২০১৯
৭২ 	 চাদ 	আফ্রিকা 	১,৫৯,৪৬,৮৭৬ 	১ জুলাই ২০১৯
৭৩ 	 সোমালিয়া 	আফ্রিকা 	১,৫৪,৪২,৯০৫ 	১ জুলাই ২০১৯
৭৪ 	 জিম্বাবুয়ে 	আফ্রিকা 	১,৪৬,৪৫,৪৬৮ 	১ জুলাই ২০১৯
৭৫ 	 গিনি 	আফ্রিকা 	১,২৭,৭১,২৪৬ 	১ জুলাই ২০১৯
৭৬ 	 রুয়ান্ডা 	আফ্রিকা 	১,২৬,২৬,৯৫০ 	১ জুলাই ২০১৯
৭৭ 	 বেনিন 	আফ্রিকা 	১,১৮,০১,১৫১ 	১ জুলাই ২০১৯
৭৮ 	 তিউনিসিয়া 	আফ্রিকা 	১,১৬,৯৪,৭১৯ 	১ জুলাই ২০১৯
৭৯ 	 বেলজিয়াম 	ইউরোপ 	১,১৫,৩৯,৩২৮ 	১ জুলাই ২০১৯
৮০ 	 বলিভিয়া 	আমেরিকা 	১,১৫,১৩,১০০ 	১ জুলাই ২০১৯
৮১ 	 কিউবা 	আমেরিকা 	১,১৩,৩৩,৪৮৩ 	১ জুলাই ২০১৯
৮২ 	 হাইতি 	আমেরিকা 	১,১২,৬৩,৭৭০ 	১ জুলাই ২০১৯
৮৩ 	 দক্ষিণ সুদান 	আফ্রিকা 	১,১০,৬২,১১৩ 	১ জুলাই ২০১৯
৮৪ 	 বুরুন্ডি 	আফ্রিকা 	১,০৮,৬৪,২৪৫ 	১ জুলাই ২০১৯
৮৫ 	 ডোমিনিকান প্রজাতন্ত্র 	আমেরিকা 	১,০৭,৩৮,৯৫৮ 	১ জুলাই ২০১৯
৮৬ 	 চেক প্রজাতন্ত্র 	ইউরোপ 	১,০৬,৮৯,২০৯ 	১ জুলাই ২০১৯
৮৭ 	 গ্রিস 	ইউরোপ 	১,০৪,৭৩,৪৫৫ 	১ জুলাই ২০১৯
৮৮ 	 পর্তুগাল 	ইউরোপ 	১,০২,২৬,১৮৭ 	১ জুলাই ২০১৯
৮৯ 	 জর্দান 	এশিয়া 	১,০১,০১,৬৯৪ 	১ জুলাই ২০১৯
৯০ 	 আজারবাইজান[৫] 	ইউরোপ-এশিয়া 	১,০০,৪৭,৭১৮ 	১ জুলাই ২০১৯
৯১ 	 সুইডেন 	ইউরোপ 	১,০০,৩৬,৩৭৯ 	১ জুলাই ২০১৯
৯২ 	 সংযুক্ত আরব আমিরাত 	এশিয়া 	৯৭,৭০,৫২৯ 	১ জুলাই ২০১৯
৯৩ 	 হন্ডুরাস 	আমেরিকা 	৯৭,৪৬,১১৭ 	১ জুলাই ২০১৯
৯৪ 	 হাঙ্গেরি 	ইউরোপ 	৯৬,৮৪,৬৭৯ 	১ জুলাই ২০১৯
৯৫ 	 বেলারুশ 	ইউরোপ 	৯৪,৫২,৪১১ 	১ জুলাই ২০১৯
৯৬ 	 তাজিকিস্তান 	এশিয়া 	৯৩,২১,০১৮ 	১ জুলাই ২০১৯
৯৭ 	 অস্ট্রিয়া 	ইউরোপ 	৮৯,৫৫,১০২ 	১ জুলাই ২০১৯
৯৮ 	 পাপুয়া নিউ গিনি 	ওশেনিয়া 	৮৭,৭৬,১০৯ 	১ জুলাই ২০১৯
৯৯ 	 সার্বিয়া[৬] 	ইউরোপ 	৮৭,৭২,২৩৫ 	১ জুলাই ২০১৯
১০০ 	  সুইজারল্যান্ড 	ইউরোপ 	৮৫,৯১,৩৬৫ 	১ জুলাই ২০১৯
১০১ 	 ইসরায়েল 	এশিয়া 	৮৫,১৯,৩৭৭ 	১ জুলাই ২০১৯
১০২ 	 টোগো 	আফ্রিকা 	৮০,৮২,৩৬৬ 	১ জুলাই ২০১৯
১০৩ 	 সিয়েরা লিওন 	আফ্রিকা 	৭৮,১৩,২১৫ 	১ জুলাই ২০১৯
১০৪ 	 হংকং (চীন) 	এশিয়া 	৭৪,৩৬,১৫৪ 	১ জুলাই ২০১৯
১০৫ 	 লাওস 	এশিয়া 	৭১,৬৯,৪৫৫ 	১ জুলাই ২০১৯
১০৬ 	 প্যারাগুয়ে 	আমেরিকা 	৭০,৪৪,৬৩৬ 	১ জুলাই ২০১৯
১০৭ 	 বুলগেরিয়া 	ইউরোপ 	৭০,০০,১১৯ 	১ জুলাই ২০১৯
১০৮ 	 লেবানন 	এশিয়া 	৬৮,৫৫,৭১৩ 	১ জুলাই ২০১৯
১০৯ 	 লিবিয়া 	আফ্রিকা 	৬৭,৭৭,৪৫২ 	১ জুলাই ২০১৯
১১০ 	 নিকারাগুয়া 	আমেরিকা 	৬৫,৪৫,৫০২ 	১ জুলাই ২০১৯
১১১ 	 এল সালভাদোর 	আমেরিকা 	৬৪,৫৩,৫৫৩ 	১ জুলাই ২০১৯
১১২ 	 কিরগিজিস্তান 	এশিয়া 	৬৪,১৫,৮৫০ 	১ জুলাই ২০১৯
১১৩ 	 তুর্কমেনিস্তান 	এশিয়া 	৫৯,৪২,০৮৯ 	১ জুলাই ২০১৯
১১৪ 	 সিঙ্গাপুর 	এশিয়া 	৫৮,০৪,৩৩৭ 	১ জুলাই ২০১৯
১১৫ 	 ডেনমার্ক 	ইউরোপ 	৫৭,৭১,৮৭৬ 	১ জুলাই ২০১৯
১১৬ 	 ফিনল্যান্ড[৭] 	ইউরোপ 	৫৫,৩২,১৫৬ 	১ জুলাই ২০১৯
১১৭ 	 স্লোভাকিয়া 	ইউরোপ 	৫৪,৫৭,০১৩ 	১ জুলাই ২০১৯
১১৮ 	 কঙ্গো প্রজাতন্ত্র 	আফ্রিকা 	৫৩,৮০,৫০৮ 	১ জুলাই ২০১৯
১১৯ 	 নরওয়ে[৮] 	ইউরোপ 	৫৩,৭৮,৮৫৭ 	১ জুলাই ২০১৯
১২০ 	 কোস্টা রিকা 	আমেরিকা 	৫০,৪৭,৫৬১ 	১ জুলাই ২০১৯
১২১ 	 ফিলিস্তিন[৯] 	এশিয়া 	৪৯,৮১,৪২০ 	১ জুলাই ২০১৯
১২২ 	 ওমান 	এশিয়া 	৪৯,৭৪,৯৮৬ 	১ জুলাই ২০১৯
১২৩ 	 লাইবেরিয়া 	আফ্রিকা 	৪৯,৩৭,৩৭৪ 	১ জুলাই ২০১৯
১২৪ 	 আয়ারল্যান্ড 	ইউরোপ 	৪৮,৮২,৪৯৫ 	১ জুলাই ২০১৯
১২৫ 	 নিউজিল্যান্ড 	ওশেনিয়া 	৪৭,৮৩,০৬৩ 	১ জুলাই ২০১৯
১২৬ 	 মধ্য আফ্রিকান প্রজাতন্ত্র 	আফ্রিকা 	৪৭,৪৫,১৮৫ 	১ জুলাই ২০১৯
১২৭ 	 মৌরিতানিয়া 	আফ্রিকা 	৪৫,২৫,৬৯৬ 	১ জুলাই ২০১৯
১২৮ 	 পানামা 	আমেরিকা 	৪২,৪৬,৪৩৯ 	১ জুলাই ২০১৯
১২৯ 	 কুয়েত 	এশিয়া 	৪২,০৭,০৮৩ 	১ জুলাই ২০১৯
১৩০ 	 ক্রোয়েশিয়া 	ইউরোপ 	৪১,৩০,৩০৪ 	১ জুলাই ২০১৯
১৩১ 	 মলদোভা[১০] 	ইউরোপ 	৪০,৪৩,২৬৩ 	১ জুলাই ২০১৯
১৩২ 	 জর্জিয়া[১১] 	এশিয়া 	৩৯,৯৬,৭৬৫ 	১ জুলাই ২০১৯
১৩৩ 	 ইরিত্রিয়া 	আফ্রিকা 	৩৪,৯৭,১১৭ 	১ জুলাই ২০১৯
১৩৪ 	 উরুগুয়ে 	আমেরিকা 	৩৪,৬১,৭৩৪ 	১ জুলাই ২০১৯
১৩৫ 	 বসনিয়া ও হার্জেগোভিনা 	ইউরোপ 	৩৩,০১,০০০ 	১ জুলাই ২০১৯
১৩৬ 	 মঙ্গোলিয়া 	এশিয়া 	৩২,২৫,১৬৭ 	১ জুলাই ২০১৯
১৩৭ 	 আর্মেনিয়া 	এশিয়া 	২৯,৫৭,৭৩১ 	১ জুলাই ২০১৯
১৩৮ 	 জামাইকা 	আমেরিকা 	২৯,৪৮,২৭৯ 	১ জুলাই ২০১৯
১৩৯ 	 পুয়ের্তো রিকো (মার্কিন যুক্তরাষ্ট্র) 	আমেরিকা 	২৯,৩৩,৪০৮ 	১ জুলাই ২০১৯
১৪০ 	 আলবেনিয়া 	ইউরোপ 	২৮,৬২,৪২৭ 	১ জুলাই ২০১৯
১৪১ 	 কাতার 	এশিয়া 	২৮,৩২,০৬৭ 	১ জুলাই ২০১৯
১৪২ 	 লিথুয়ানিয়া 	ইউরোপ 	২৭,৫৯,৬২৭ 	১ জুলাই ২০১৯
১৪৩ 	 নামিবিয়া 	আফ্রিকা 	২৪,৯৪,৫৩০ 	১ জুলাই ২০১৯
১৪৪ 	 গাম্বিয়া 	আফ্রিকা 	২৩,৪৭,৭০৬ 	১ জুলাই ২০১৯
১৪৫ 	 বতসোয়ানা 	আফ্রিকা 	২৩,০৩,৬৯৭ 	১ জুলাই ২০১৯
১৪৬ 	 গ্যাবন 	আফ্রিকা 	২১,৭২,৫৭৯ 	১ জুলাই ২০১৯
১৪৭ 	 লেসোথো 	আফ্রিকা 	২১,২৫,২৬৮ 	১ জুলাই ২০১৯
১৪৮ 	 ম্যাসেডোনিয়া 	ইউরোপ 	২০,৮৩,৪৫৯ 	১ জুলাই ২০১৯
১৪৯ 	 স্লোভেনিয়া 	ইউরোপ 	২০,৭৮,৬৫৪ 	১ জুলাই ২০১৯
১৫০ 	 গিনি-বিসাউ 	আফ্রিকা 	১৯,২০,৯২২ 	১ জুলাই ২০১৯
১৫১ 	 লাতভিয়া 	ইউরোপ 	১৯,০৬,৭৪৩ 	১ জুলাই ২০১৯
১৫২ 	 বাহরাইন 	এশিয়া 	১৬,৪১,১৭২ 	১ জুলাই ২০১৯
১৫৩ 	 ত্রিনিদাদ ও টোবাগো 	আমেরিকা 	১৩,৯৪,৯৭৩ 	১ জুলাই ২০১৯
১৫৪ 	 বিষুবীয় গিনি 	এশিয়া 	১৩,৫৫,৯৮৬ 	১ জুলাই ২০১৯
১৫৫ 	 ইস্তোনিয়া 	ইউরোপ 	১৩,২৫,৬৪৮ 	১ জুলাই ২০১৯
১৫৬ 	 পূর্ব তিমুর 	এশিয়া 	১২,৯৩,১১৯ 	১ জুলাই ২০১৯
১৫৭ 	 মরিশাস 	আফ্রিকা 	১১,৯৮,৫৭৫ 	১ জুলাই ২০১৯
১৫৮ 	 সাইপ্রাস[১২] 	ইউরোপ 	১১,৭৯,৫৫১ 	১ জুলাই ২০১৯
১৫৯ 	 ইসোয়াতিনি 	আফ্রিকা 	১১,৪৮,১৩০ 	১ জুলাই ২০১৯
১৬০ 	 জিবুতি 	আফ্রিকা 	৯,৭৩,৫৬০ 	১ জুলাই ২০১৯
১৬১ 	 ফিজি 	ওশেনিয়া 	৮,৮৯,৯৫৩ 	১ জুলাই ২০১৯
১৬২ 	 রেউনিওঁ (ফ্রান্স) 	আফ্রিকা 	৮,৮৮,৯২৭ 	১ জুলাই ২০১৯
১৬৩ 	 কোমোরোস 	আফ্রিকা 	৮,৫০,৮৮৬ 	১ জুলাই ২০১৯
১৬৪ 	 গায়ানা 	আমেরিকা 	৭,৮২,৭৬৬ 	১ জুলাই ২০১৯
১৬৫ 	 ভুটান 	এশিয়া 	৭,৬৩,০৯২ 	১ জুলাই ২০১৯
১৬৬ 	 সলোমন দ্বীপপুঞ্জ 	ওশেনিয়া 	৬,৬৯,৮২৩ 	১ জুলাই ২০১৯
১৬৭ 	 ম্যাকাও (চীন) 	এশিয়া 	৬,৪০,৪৪৫ 	১ জুলাই ২০১৯
১৬৮ 	 মন্টিনিগ্রো 	ইউরোপ 	৬,২৭,৯৮৭ 	১ জুলাই ২০১৯
১৬৯ 	 লুক্সেমবুর্গ 	ইউরোপ 	৬,১৫,৭২৯ 	১ জুলাই ২০১৯
১৭০ 	 পশ্চিম সাহারা 	আফ্রিকা 	৫,৮২,৪৬৩ 	১ জুলাই ২০১৯
১৭১ 	 সুরিনাম 	আমেরিকা 	৫,৮১,৩৭২ 	১ জুলাই ২০১৯
১৭২ 	 কাবু ভের্দি 	আফ্রিকা 	৫,৪৯,৯৩৫ 	১ জুলাই ২০১৯
১৭৩ 	 মালদ্বীপ 	এশিয়া 	৫,৩০,৯৫৩ 	১ জুলাই ২০১৯
১৭৪ 	 গুয়াদলুপ (ফ্রান্স) 	আমেরিকা 	৪,৪৭,৯০৫ 	১ জুলাই ২০১৯
১৭৫ 	 মাল্টা 	ইউরোপ 	৪,৪০,৩৭২ 	১ জুলাই ২০১৯
১৭৬ 	 ব্রুনাই 	এশিয়া 	৪,৩৩,২৮৫ 	১ জুলাই ২০১৯
১৭৭ 	 বেলিজ 	আমেরিকা 	৩,৯০,৩৫৩ 	১ জুলাই ২০১৯
১৭৮ 	 বাহামা দ্বীপপুঞ্জ 	আমেরিকা 	৩,৮৯,৪৮২ 	১ জুলাই ২০১৯
১৭৯ 	 মার্তিনিক (ফ্রান্স) 	আমেরিকা 	৩,৭৫,৫৫৪ 	১ জুলাই ২০১৯
১৮০ 	 আইসল্যান্ড 	ইউরোপ 	৩,৩৯,০৩১ 	১ জুলাই ২০১৯
১৮১ 	 ভানুয়াটু 	ওশেনিয়া 	২,৯৯,৮৮২ 	১ জুলাই ২০১৯
১৮২ 	 বার্বাডোস 	আমেরিকা 	২,৮৭,০২৫ 	১ জুলাই ২০১৯
১৮৩ 	 নিউ ক্যালিডোনিয়া (ফ্রান্স) 	ওশেনিয়া 	২,৮২,৭৫০ 	১ জুলাই ২০১৯
১৮৪ 	 ফরাসি গায়ানা 	আমেরিকা 	২,৮২,৭৩১ 	১ জুলাই ২০১৯
১৮৫ 	 ফরাসি পলিনেশিয়া 	ওশেনিয়া 	২,৭৯,২৮৭ 	১ জুলাই ২০১৯
১৮৬ 	 মায়োত (ফ্রান্স) 	ওশেনিয়া 	২,৬৬,১৫০ 	১ জুলাই ২০১৯
১৮৭ 	 সাঁউ তুমি ও প্রিন্সিপি 	আফ্রিকা 	২,১৫,০৫৬ 	১ জুলাই ২০১৯
১৮৮ 	 সামোয়া 	ওশেনিয়া 	১,৯৭,০৯৭ 	১ জুলাই ২০১৯
১৮৯ 	 সেন্ট লুসিয়া 	আমেরিকা 	১,৮২,৭৯০ 	১ জুলাই ২০১৯
১৯০ 	 জার্সি e  গেনসি (যুক্তরাজ্য) 	ওশেনিয়া 	১,৭২,২৫৯ 	১ জুলাই ২০১৯
১৯১ 	 গুয়াম (মার্কিন যুক্তরাষ্ট্র) 	আমেরিকা 	১,৬৭,২৯৪ 	১ জুলাই ২০১৯
১৯২ 	 কুরাকাও দ্বীপ (নেদারল্যান্ড) 	আমেরিকা 	১,৬৩,৪২৪ 	১ জুলাই ২০১৯
১৯৩ 	 কিরিবাস 	ওশেনিয়া 	১,১৭,৬০৬ 	১ জুলাই ২০১৯
১৯৪ 	 মাইক্রোনেশিয়া যুক্তরাজ্য 	ওশেনিয়া 	১,১৩,৮১৫ 	১ জুলাই ২০১৯
১৯৫ 	 গ্রেনাডা 	আমেরিকা 	১,১২,০০৩ 	১ জুলাই ২০১৯
১৯৬ 	 টোঙ্গা 	ওশেনিয়া 	১,১০,৯৪০ 	১ জুলাই ২০১৯
১৯৭ 	 সেন্ট ভিনসেন্ট ও গ্রেনাডাইন দ্বীপপুঞ্জ 	আমেরিকা 	১,১০,৫৮৯ 	১ জুলাই ২০১৯
১৯৮ 	 আরুবা (নেদারল্যান্ড) 	আমেরিকা 	১,০৬,৩১৪ 	১ জুলাই ২০১৯
১৯৯ 	 মার্কিন ভার্জিন দ্বীপপুঞ্জ (মার্কিন যুক্তরাষ্ট্র) 	আমেরিকা 	১,০৪,৫৭৮ 	১ জুলাই ২০১৯
২০০ 	 সেশেল 	আফ্রিকা 	৯৭,৭৩৯ 	১ জুলাই ২০১৯
২০১ 	 অ্যান্টিগুয়া ও বার্বুডা 	আমেরিকা 	৯৭,১১৮ 	১ জুলাই ২০১৯
২০২ 	 আইল অফ ম্যান (যুক্তরাজ্য) 	ইউরোপ 	৮৪,৫৮৪ 	১ জুলাই ২০১৯
২০৩ 	 অ্যান্ডোরা 	ইউরোপ 	৭৭,১৪২ 	১ জুলাই ২০১৯
২০৪ 	 ডোমিনিকা 	আমেরিকা 	৭১,৮০৮ 	১ জুলাই ২০১৯
২০৫ 	 কেইম্যান দ্বীপপুঞ্জ (যুক্তরাজ্য) 	আমেরিকা 	৬৪,৯৪৮ 	১ জুলাই ২০১৯
২০৬ 	 বারমুডা (যুক্তরাজ্য) 	আমেরিকা 	৬২,৫০৬ 	১ জুলাই ২০১৯
২০৭ 	 মার্শাল দ্বীপপুঞ্জ 	ওশেনিয়া 	৫৮,৭৯১ 	১ জুলাই ২০১৯
২০৮ 	 গ্রিনল্যান্ড (ডেনমার্ক) 	আমেরিকা 	৫৬,৬৭২ 	১ জুলাই ২০১৯
২০৯ 	 উত্তর মারিয়ানা দ্বীপপুঞ্জ (মার্কিন যুক্তরাষ্ট্র) 	আমেরিকা 	৫৬,১৮৮ 	১ জুলাই ২০১৯
২১০ 	 আমেরিকান সামোয়া (মার্কিন যুক্তরাষ্ট্র) 	আমেরিকা 	৫৫,৩১২ 	১ জুলাই ২০১৯
২১১ 	 সেন্ট কিট্‌স ও নেভিস 	আমেরিকা 	৫২,৮২৩ 	১ জুলাই ২০১৯
২১২ 	 ফ্যারো দ্বীপপুঞ্জ (ডেনমার্ক) 	ইউরোপ 	৪৮,৬৭৮ 	১ জুলাই ২০১৯
২১৩ 	 সিন্ট মারর্টেন (নেদারল্যান্ড) 	আমেরিকা 	৪২,৩৮৮ 	১ জুলাই ২০১৯
২১৪ 	 মোনাকো 	ইউরোপ 	৩৮,৯৬৪ 	১ জুলাই ২০১৯
২১৫ 	 টার্কস্‌ ও কেইকোস দ্বীপপুঞ্জ (যুক্তরাজ্য) 	ইউরোপ 	৩৮,১৯১ 	১ জুলাই ২০১৯
২১৬ 	 লিশ্‌টেনশ্‌টাইন 	ইউরোপ 	৩৮,০১৯ 	১ জুলাই ২০১৯
২১৭ 	 সান মারিনো 	ইউরোপ 	৩৩,৮৬০ 	১ জুলাই ২০১৯
২১৮ 	 জিব্রাল্টার (যুক্তরাজ্য) 	ইউরোপ 	৩৩,৭০১ 	১ জুলাই ২০১৯
২১৯ 	 ব্রিটিশ ভার্জিন দ্বীপপুঞ্জ (যুক্তরাজ্য) 	ওশেনিয়া 	৩০,০৩০ 	১ জুলাই ২০১৯
২২০ 	 ক্যারিরীয় নেদারল্যান্ডস (বোনেয়ার , সিন্ট ইউস্টাটিয়াস এবং সাবা) 	আমেরিকা 	২৫,৯৭৯ 	১ জুলাই ২০১৯
২২১ 	 পালাউ 	ওশেনিয়া 	১৮,০০৮ 	১ জুলাই ২০১৯
২২২ 	 কুক দ্বীপপুঞ্জ (নিউজিল্যান্ড) 	ওশেনিয়া 	১৭,৫৪৮ 	১ জুলাই ২০১৯
২২৩ 	 এ্যাঙ্গুইলা (যুক্তরাজ্য) 	ওশেনিয়া 	১৪,৮৬৯ 	১ জুলাই ২০১৯
২২৪ 	 টুভালু 	ওশেনিয়া 	১১,৬৪৬ 	১ জুলাই ২০১৯
২২৫ 	 ওয়ালিস এবং ফুটুনা (ফ্রান্স) 	ওশেনিয়া 	১১,৪৩২ 	১ জুলাই ২০১৯
২২৬ 	 নাউরু 	ওশেনিয়া 	১০,৭৫৬ 	১ জুলাই ২০১৯
২২৭ 	 সেন্ট হেলেনা, অ্যাসেনশোন দ্বীপ এবং ত্রিস্টান দা কুনহা (যুক্তরাজ্য) 	ওশেনিয়া 	৬,০৫৯ 	১ জুলাই ২০১৯
২২৮ 	 সাঁ পিয়ের ও মিক‌লোঁ (ফ্রান্স) 	ওশেনিয়া 	৫,৮২২ 	১ জুলাই ২০১৯
২২৯ 	 মন্টসেরাট (যুক্তরাজ্য) 	ওশেনিয়া 	৪,৯৮৯ 	১ জুলাই ২০১৯
২৩০ 	 ফক্‌ল্যান্ড দ্বীপপুঞ্জ (যুক্তরাজ্য) 	ওশেনিয়া 	৩,৩৭৭ 	১ জুলাই ২০১৯
২৩১ 	 নিউই (নিউজিল্যান্ড) 	ওশেনিয়া 	১,৬১৫ 	১ জুলাই ২০১৯
২৩২ 	 টোকেলাউ (নিউজিল্যান্ড) 	ওশেনিয়া 	১,৩৪০ 	১ জুলাই ২০১৯
২৩৩ 	  ভ্যাটিকান সিটি 	ইউরোপ 	৭৯৯ 	১ জুলাই ২০১৯
